{"cameraMode":{"drawMode":0,"name":"Shaded","section":"Shading Mode"},"sceneLighting":false,"audioPlay":false,"sceneViewState":{"showFog":true,"showMaterialUpdate":false,"showSkybox":true,"showFlares":true,"showImageEffects":true,"showParticleSystems":true},"in2DMode":false,"pivot":{"x":0.000030517578125,"y":7.029998779296875,"z":0.0},"rotation":{"x":0.1665736734867096,"y":0.022178994491696359,"z":-0.003769451752305031,"w":0.9857723712921143},"size":351.6128234863281,"orthographic":true}