{"cameraMode":{"drawMode":0,"name":"Shaded","section":"Shading Mode"},"sceneLighting":true,"audioPlay":false,"sceneViewState":{"showFog":true,"showMaterialUpdate":false,"showSkybox":true,"showFlares":true,"showImageEffects":true,"showParticleSystems":true},"in2DMode":false,"pivot":{"x":2.2707033157348635,"y":4.939393520355225,"z":-12.005842208862305},"rotation":{"x":0.18416303396224976,"y":-0.042746059596538547,"z":0.007995029911398888,"w":0.9819332361221314},"size":20.225982666015626,"orthographic":true}