{"cameraMode":{"drawMode":0,"name":"Shaded","section":"Shading Mode"},"sceneLighting":true,"audioPlay":false,"sceneViewState":{"showFog":true,"showMaterialUpdate":false,"showSkybox":true,"showFlares":true,"showImageEffects":true,"showParticleSystems":true},"in2DMode":false,"pivot":{"x":-0.9073238372802734,"y":-1.403367519378662,"z":2.465442657470703},"rotation":{"x":0.16361595690250398,"y":0.02219020202755928,"z":-0.0037029136437922718,"w":0.9862675666809082},"size":53.62950897216797,"orthographic":true}